thisN,thisTrialN,thisRepN,blockN,run,condition,trial_key,stim_file_pos,stim_pos,noise_pos,marker_init,shape,shape_order,div_pos,target_pos,subj_C0F1_val,subj_C1F0_val,target_file,img1_file,img2_file,block_start_resp.keys,block_start_resp.rt,block_start_resp.duration,marker.response,marker.rt,slider_resp.keys,slider_resp.rt,slider_resp.duration,submit_resp.keys,submit_resp.rt,submit_resp.duration,blocks.thisRepN,blocks.thisTrialN,blocks.thisN,blocks.thisIndex,trials.thisRepN,trials.thisTrialN,trials.thisN,trials.thisIndex,thisRow.t,notes,block_start.started,block_start_text.started,block_start_resp.started,block_start.stopped,blocks.block_start_resp.keys,blocks.block_start_resp.rt,blocks.block_start_resp.duration,baseline.started,ISI1.started,baseline.stopped,stim.started,target_stim.started,target_stim.stopped,stim.stopped,delay.started,ISI2.started,delay.stopped,task.started,img1.started,img2.started,divider_line.started,slider_line.started,marker.started,slider_resp.started,submit_resp.started,task.stopped,positions,trials.marker.response,trials.marker.rt,trials.slider_resp.keys,trials.slider_resp.rt,trials.slider_resp.duration,trials.submit_resp.keys,trials.submit_resp.rt,trials.submit_resp.duration,anticipation.started,anticipation_text.started,anticipation_text.stopped,anticipation.stopped,feedback.started,no_resp_text.started,one_cross.started,no_resp_text.stopped,one_cross.stopped,feedback.stopped,valence,correct,outcome,img1.stopped,img2.stopped,divider_line.stopped,slider_line.stopped,marker.stopped,slider_resp.stopped,submit_resp.stopped,three_cross.started,three_cross.stopped,one_coin.started,one_coin.stopped,three_coin.started,three_coin.stopped,subj,difficulty,sess_type,date,expName,psychopyVersion,frameRate,expStart,
0,0,0,1,1,baseline,6,0.7,-0.26,0.0,0.228,curv,curv_flat,0.0,-0.26,pen,rew,input_data/stims/Shape_0.70_0.00.png,input_data/stims/Shape_0.00_0.00.png,input_data/stims/Shape_4.00_0.00.png,up,0.5623652080539614,None,None,None,['left'],[0.7726995409466326],[0.12302670907229185],up,1.3636167499935254,None,0,0,0,0,0,0,0,6,0.9367058339994401,,0.1601617089472711,0.3064193340251222,0.3064193340251222,0.8726390419760719,up,0.5623652080539614,None,0.9181719589978456,0.04549749998841435,1.9609850000124425,1.961034124949947,2.0216339170001447,3.0222520839888602,3.018223874969408,3.018555250018835,0.00036291603464633226,4.310495083918795,4.311738583957776,4.394296458922327,4.394296458922327,4.394296458922327,4.394296458922327,4.394296458922327,4.394296458922327,4.394296458922327,5.769880292005837,"[0.228, 0.228, 0.228, 0.228, 0.228, 0.228, 0.228, 0.228, 0.228, 0.228, 0.228, 0.228, 0.228, 0.228, 0.228, 0.228, 0.228, 0.228, 0.228, 0.228, 0.228, 0.228, 0.228, 0.228, 0.228, 0.228, 0.228, 0.228, 0.228, 0.228, 0.228, 0.228, 0.228, 0.228, 0.228, 0.228, 0.228, 0.228, 0.228, 0.228, 0.228, 0.228, 0.228, 0.228, 0.228, 0.228, 0.228, 0.228, 0.228, 0.228, 0.228, 0.228, 0.228, 0.228, 0.228, 0.228, 0.228, 0.228, 0.228, 0.228, 0.228, 0.228, 0.228, 0.228, 0.228, 0.228, 0.228, 0.228, 0.228, 0.228, 0.228, 0.228, 0.228, 0.228, 0.228, 0.228, 0.228, 0.228, 0.228, 0.228, 0.228, 0.228, 0.228, 0.228, 0.228, 0.228, 0.228, 0.228, 0.228, 0.228, 0.228, 0.228, 0.228, 0.228, 0.224, 0.22, 0.216, 0.212, 0.208, 0.204, 0.2, 0.196, 0.192, 0.188, 0.184, 0.18, 0.176, 0.172, 0.172, 0.172, 0.172, 0.172, 0.172, 0.172, 0.172, 0.172, 0.172, 0.172, 0.172, 0.172, 0.172, 0.172, 0.172, 0.172, 0.172, 0.172, 0.172, 0.172, 0.172, 0.172, 0.172, 0.172, 0.172, 0.172, 0.172, 0.172, 0.172, 0.172, 0.172, 0.172, 0.172, 0.172, 0.172, 0.172, 0.172, 0.172, 0.172, 0.172, 0.172, 0.172, 0.172, 0.172, 0.172, 0.172, 0.172, 0.172, 0.172, 0.172, 0.172, 0.172, 0.172, 0.172, 0.172, 0.172, 0.172, 0.172]",None,None,['left'],[0.7726995409466326],[0.12302670907229185],up,1.3636167499935254,None,5.770353875006549,5.774949291953817,6.0271245000185445,6.0184999170014635,6.018631499959156,6.0271245000185445,6.0271245000185445,7.034605292021297,7.034605292021297,7.020810708985664,rew,0,-1,,,,,,,,,,,,,,,hard,D,2025-04-04_14h42.25.606,asymmetry_final,2024.2.4,120,2025-04-04 14h42.35.438288 -0400,
1,1,0,1,1,baseline,28,2.9,0.18,4.0,-0.336,flat,curv_flat,0.0,0.18,rew,pen,input_data/stims/Shape_2.90_4.00.png,input_data/stims/Shape_0.00_0.00.png,input_data/stims/Shape_4.00_0.00.png,up,0.5623652080539614,None,None,None,"['left', 'right', 'left', 'right', 'left', 'right', 'left', 'right', 'left', 'right', 'left', 'right', 'left', 'right', 'left', 'right']","[0.1334051659796387, 0.28526970802340657, 0.44528008298948407, 0.5711311660706997, 0.7268536660121754, 0.8921304990071803, 1.024258748977445, 1.1768438740400597, 1.2969088329700753, 1.4507573330774903, 1.554927165969275, 1.7175337079679593, 1.9421509579988196, 2.280277041019872, 2.624088832992129, 3.0193224580725655]","[0.14388633309863508, 0.17607762501575053, 0.10404754104092717, 0.17173791700042784, 0.13606775004882365, 0.14003324997611344, 0.11202483403030783, 0.11196749994996935, 0.09586183307692409, 0.12799329089466482, 0.12383462500292808, 0.1999889580765739, 0.1480340410489589, 0.2079034170601517, 0.11993770801927894, None]",None,,,0,0,0,0,0,1,1,28,7.034605292021297,,,,,,,,,7.021365458960645,0.0005357919726520777,7.913278833962977,7.9133193750167266,7.953444042010233,8.9846731669968,8.973350999993272,8.973605999955907,0.0002669999375939369,10.416189208975993,10.41742674994748,10.476750583969988,10.476750583969988,10.476750583969988,10.476750583969988,10.476750583969988,10.476750583969988,10.476750583969988,13.521231584018096,"[-0.336, -0.336, -0.336, -0.336, -0.336, -0.336, -0.336, -0.336, -0.336, -0.336, -0.336, -0.336, -0.336, -0.336, -0.336, -0.336, -0.336, -0.336, -0.34, -0.344, -0.348, -0.352, -0.356, -0.36, -0.364, -0.368, -0.372, -0.376, -0.38, -0.384, -0.388, -0.392, -0.396, -0.4, -0.4, -0.396, -0.392, -0.388, -0.384, -0.38, -0.376, -0.372, -0.368, -0.364, -0.36, -0.356, -0.352, -0.348, -0.344, -0.34, -0.336, -0.336, -0.34, -0.344, -0.348, -0.352, -0.356, -0.36, -0.364, -0.368, -0.372, -0.376, -0.38, -0.38, -0.38, -0.376, -0.372, -0.368, -0.364, -0.36, -0.356, -0.352, -0.348, -0.344, -0.34, -0.336, -0.332, -0.328, -0.324, -0.32, -0.316, -0.312, -0.308, -0.304, -0.304, -0.304, -0.308, -0.312, -0.316, -0.32, -0.324, -0.328, -0.332, -0.336, -0.34, -0.344, -0.348, -0.352, -0.356, -0.36, -0.36, -0.36, -0.36, -0.36, -0.356, -0.352, -0.348, -0.344, -0.34, -0.336, -0.332, -0.328, -0.324, -0.32, -0.316, -0.312, -0.308, -0.304, -0.3, -0.296, -0.296, -0.296, -0.296, -0.296, -0.296, -0.296, -0.296, -0.296, -0.296, -0.296, -0.296, -0.296, -0.296, -0.296, -0.296, -0.296, -0.296, -0.296, -0.292, -0.288, -0.284, -0.28, -0.276, -0.272, -0.268, -0.264, -0.26, -0.256, -0.252, -0.248, -0.244, -0.244, -0.248, -0.252, -0.256, -0.26, -0.264, -0.268, -0.272, -0.276, -0.28, -0.284, -0.288, -0.292, -0.292, -0.292, -0.292, -0.292, -0.292, -0.292, -0.292, -0.288, -0.284, -0.28, -0.276, -0.272, -0.268, -0.264, -0.26, -0.256, -0.252, -0.248, -0.244, -0.244, -0.244, -0.244, -0.248, -0.252, -0.256, -0.26, -0.264, -0.268, -0.272, -0.276, -0.28, -0.284, -0.288, -0.292, -0.292, -0.292, -0.292, -0.292, -0.292, -0.288, -0.284, -0.28, -0.276, -0.272, -0.268, -0.264, -0.26, -0.256, -0.252, -0.248, -0.244, -0.24, -0.236, -0.232, -0.228, -0.224, -0.22, -0.216, -0.212, -0.208, -0.204, -0.2, -0.196, -0.196, -0.196, -0.196, -0.2, -0.204, -0.208, -0.212, -0.216, -0.22, -0.224, -0.228, -0.232, -0.236, -0.24, -0.244, -0.248, -0.252, -0.256, -0.26, -0.264, -0.264, -0.264, -0.264, -0.264, -0.264, -0.264, -0.264, -0.264, -0.264, -0.264, -0.264, -0.264, -0.264, -0.264, -0.264, -0.264, -0.264, -0.264, -0.264, -0.264, -0.264, -0.264, -0.264, -0.26, -0.256, -0.252, -0.248, -0.244, -0.24, -0.236, -0.232, -0.228, -0.224, -0.22, -0.216, -0.212, -0.208, -0.204, -0.2, -0.196, -0.192, -0.188, -0.184, -0.18, -0.176, -0.172, -0.168, -0.164, -0.164, -0.164, -0.164, -0.164, -0.164, -0.164, -0.164, -0.164, -0.164, -0.164, -0.164, -0.164, -0.164, -0.164, -0.164, -0.168, -0.172, -0.176, -0.18, -0.184, -0.188, -0.192, -0.196, -0.2, -0.204, -0.208, -0.212, -0.216, -0.22, -0.224, -0.224, -0.224, -0.224, -0.224, -0.224, -0.224, -0.224, -0.224, -0.224, -0.224, -0.224, -0.224, -0.224, -0.224, -0.224, -0.224, -0.224, -0.224, -0.224, -0.224, -0.224, -0.224, -0.224, -0.224, -0.224, -0.224, -0.224, -0.224, -0.224, -0.224, -0.224, -0.224, -0.224, -0.22, -0.216, -0.212]",None,None,"['left', 'right', 'left', 'right', 'left', 'right', 'left', 'right', 'left', 'right', 'left', 'right', 'left', 'right', 'left', 'right']","[0.1334051659796387, 0.28526970802340657, 0.44528008298948407, 0.5711311660706997, 0.7268536660121754, 0.8921304990071803, 1.024258748977445, 1.1768438740400597, 1.2969088329700753, 1.4507573330774903, 1.554927165969275, 1.7175337079679593, 1.9421509579988196, 2.280277041019872, 2.624088832992129, 3.0193224580725655]","[0.14388633309863508, 0.17607762501575053, 0.10404754104092717, 0.17173791700042784, 0.13606775004882365, 0.14003324997611344, 0.11202483403030783, 0.11196749994996935, 0.09586183307692409, 0.12799329089466482, 0.12383462500292808, 0.1999889580765739, 0.1480340410489589, 0.2079034170601517, 0.11993770801927894, None]",None,,,13.521799959009513,13.52430266700685,13.792904749978334,13.768412208999507,13.786593083990738,13.792904749978334,,14.789540666970424,,14.785064124967903,pen,0,-3,13.52430266700685,13.52430266700685,13.52430266700685,13.52430266700685,13.52430266700685,13.52430266700685,13.52430266700685,13.792904749978334,14.789540666970424,,,,,,hard,D,2025-04-04_14h42.25.606,asymmetry_final,2024.2.4,120,2025-04-04 14h42.35.438288 -0400,
2,2,0,1,1,baseline,29,2.9,0.18,4.0,-0.304,flat,flat_curv,0.0,-0.18,rew,pen,input_data/stims/Shape_2.90_4.00.png,input_data/stims/Shape_4.00_0.00.png,input_data/stims/Shape_0.00_0.00.png,up,0.5623652080539614,None,None,None,['right'],[0.4584267910104245],[0.699688124936074],up,1.3167278739856556,None,0,0,0,0,0,2,2,29,14.789540666970424,,,,,,,,,14.786079916986637,0.0009914170950651169,15.878101042006165,15.878143208916299,15.90660304191988,16.889229208929464,16.885300916968845,16.885610249941237,0.00031599996145814657,18.17751866695471,18.178719667019323,18.237279874971136,18.237279874971136,18.237279874971136,18.237279874971136,18.237279874971136,18.237279874971136,18.237279874971136,19.56074866699055,"[-0.304, -0.304, -0.304, -0.304, -0.304, -0.304, -0.304, -0.304, -0.304, -0.304, -0.304, -0.304, -0.304, -0.304, -0.304, -0.304, -0.304, -0.304, -0.304, -0.304, -0.304, -0.304, -0.304, -0.304, -0.304, -0.304, -0.304, -0.304, -0.304, -0.304, -0.304, -0.304, -0.304, -0.304, -0.304, -0.304, -0.304, -0.304, -0.304, -0.304, -0.304, -0.304, -0.304, -0.304, -0.304, -0.304, -0.304, -0.304, -0.304, -0.304, -0.304, -0.304, -0.304, -0.304, -0.304, -0.304, -0.3, -0.296, -0.292, -0.288, -0.284, -0.28, -0.276, -0.272, -0.268, -0.264, -0.26, -0.256, -0.252, -0.248, -0.244, -0.24, -0.236, -0.232, -0.228, -0.224, -0.22, -0.216, -0.212, -0.208, -0.204, -0.2, -0.196, -0.192, -0.188, -0.184, -0.18, -0.176, -0.172, -0.168, -0.164, -0.16, -0.156, -0.152, -0.148, -0.144, -0.14, -0.136, -0.132, -0.128, -0.124, -0.12, -0.116, -0.112, -0.108, -0.104, -0.1, -0.096, -0.092, -0.088, -0.084, -0.08, -0.076, -0.072, -0.068, -0.064, -0.06, -0.056, -0.052, -0.048, -0.044, -0.04, -0.036, -0.032, -0.028, -0.024, -0.02, -0.016, -0.012, -0.008, -0.004, 0.0, 0.004, 0.008, 0.012, 0.016, 0.02, 0.024, 0.024, 0.024, 0.024, 0.024, 0.024, 0.024, 0.024, 0.024, 0.024, 0.024, 0.024, 0.024, 0.024, 0.024, 0.024, 0.024, 0.024, 0.024, 0.024, 0.024]",None,None,['right'],[0.4584267910104245],[0.699688124936074],up,1.3167278739856556,None,19.561352125019766,19.567792000016198,19.818114000023343,19.804830792010762,19.805747916921973,19.818114000023343,,20.818139708950184,,20.805981624987908,pen,0,-3,,,,,,,,19.818114000023343,20.818139708950184,,,,,,hard,D,2025-04-04_14h42.25.606,asymmetry_final,2024.2.4,120,2025-04-04 14h42.35.438288 -0400,
3,3,0,1,1,baseline,20,2.1,0.02,4.0,-0.276,flat,curv_flat,0.0,0.02,rew,pen,input_data/stims/Shape_2.10_4.00.png,input_data/stims/Shape_0.00_0.00.png,input_data/stims/Shape_4.00_0.00.png,up,0.5623652080539614,None,None,None,['right'],[0.5073336670175195],[0.13905754091683775],up,0.7390149580314755,None,0,0,0,0,0,3,3,20,20.818139708950184,,,,,,,,,20.80679916695226,0.0008055829675868154,21.8987859999761,21.89882633392699,21.927059624926187,22.918165375012904,22.90643283398822,22.906701833941042,0.0002724170917645097,24.3485512919724,24.349713624920696,24.40537091693841,24.40537091693841,24.40537091693841,24.40537091693841,24.40537091693841,24.40537091693841,24.40537091693841,25.153153416933492,"[-0.276, -0.276, -0.276, -0.276, -0.276, -0.276, -0.276, -0.276, -0.276, -0.276, -0.276, -0.276, -0.276, -0.276, -0.276, -0.276, -0.276, -0.276, -0.276, -0.276, -0.276, -0.276, -0.276, -0.276, -0.276, -0.276, -0.276, -0.276, -0.276, -0.276, -0.276, -0.276, -0.276, -0.276, -0.276, -0.276, -0.276, -0.276, -0.276, -0.276, -0.276, -0.276, -0.276, -0.276, -0.276, -0.276, -0.276, -0.276, -0.276, -0.276, -0.276, -0.276, -0.276, -0.276, -0.276, -0.276, -0.276, -0.276, -0.276, -0.276, -0.276, -0.276, -0.272, -0.268, -0.264, -0.26, -0.256, -0.252, -0.248, -0.244, -0.24, -0.236, -0.232, -0.228, -0.224, -0.22, -0.216, -0.212, -0.208, -0.208, -0.208, -0.208, -0.208, -0.208, -0.208, -0.208, -0.208, -0.208, -0.208, -0.208, -0.208]",None,None,['right'],[0.5073336670175195],[0.13905754091683775],up,0.7390149580314755,None,25.153450791956857,25.157662541954778,25.4077307919506,25.402344750007614,25.402492791996337,25.4077307919506,,26.406196458963677,,26.40217916702386,pen,0,-3,,,,,,,,25.4077307919506,26.406196458963677,,,,,,hard,D,2025-04-04_14h42.25.606,asymmetry_final,2024.2.4,120,2025-04-04 14h42.35.438288 -0400,
4,4,0,1,1,baseline,33,3.3,0.26,4.0,-0.148,flat,flat_curv,0.0,-0.26,rew,pen,input_data/stims/Shape_3.30_4.00.png,input_data/stims/Shape_4.00_0.00.png,input_data/stims/Shape_0.00_0.00.png,up,0.5623652080539614,None,None,None,['right'],[0.5435364169534296],[0.13141433300916106],up,0.8085607499815524,None,0,0,0,0,0,4,4,33,26.406196458963677,,,,,,,,,26.402882291935384,0.000686667044647038,27.344787249923684,27.34482687502168,27.373674417030998,28.3723411669489,28.36864929192234,28.368945499998517,0.0003114159917458892,29.8609205839457,29.862096500000916,29.91684824996628,29.91684824996628,29.91684824996628,29.91684824996628,29.91684824996628,29.91684824996628,29.91684824996628,30.73602158401627,"[-0.148, -0.148, -0.148, -0.148, -0.148, -0.148, -0.148, -0.148, -0.148, -0.148, -0.148, -0.148, -0.148, -0.148, -0.148, -0.148, -0.148, -0.148, -0.148, -0.148, -0.148, -0.148, -0.148, -0.148, -0.148, -0.148, -0.148, -0.148, -0.148, -0.148, -0.148, -0.148, -0.148, -0.148, -0.148, -0.148, -0.148, -0.148, -0.148, -0.148, -0.148, -0.148, -0.148, -0.148, -0.148, -0.148, -0.148, -0.148, -0.148, -0.148, -0.148, -0.148, -0.148, -0.148, -0.148, -0.148, -0.148, -0.148, -0.148, -0.148, -0.148, -0.148, -0.148, -0.148, -0.148, -0.148, -0.148, -0.144, -0.14, -0.136, -0.132, -0.128, -0.124, -0.12, -0.116, -0.112, -0.108, -0.104, -0.1, -0.096, -0.092, -0.088, -0.084, -0.084, -0.084, -0.084, -0.084, -0.084, -0.084, -0.084, -0.084, -0.084, -0.084, -0.084, -0.084, -0.084, -0.084, -0.084, -0.084, -0.084]",None,None,['right'],[0.5435364169534296],[0.13141433300916106],up,0.8085607499815524,None,30.736322333919816,30.739098791964352,30.990323834004812,30.985473791952245,30.98557424999308,30.990323834004812,,31.989447416970506,,31.985435124952346,pen,1,1,,,,,,,,,,30.990323834004812,31.989447416970506,,,,hard,D,2025-04-04_14h42.25.606,asymmetry_final,2024.2.4,120,2025-04-04 14h42.35.438288 -0400,
5,5,0,1,1,baseline,17,1.7,-0.06,0.0,-0.36,curv,flat_curv,0.0,0.06,pen,rew,input_data/stims/Shape_1.70_0.00.png,input_data/stims/Shape_4.00_0.00.png,input_data/stims/Shape_0.00_0.00.png,up,0.5623652080539614,None,None,None,['right'],[0.7034092500107363],[0.11926504108123481],up,0.9766357080079615,None,0,0,0,0,0,5,5,17,31.989447416970506,,,,,,,,,31.986310458974913,0.0008170419605448842,33.028239834005944,33.02827975002583,33.0569968749769,34.05630375002511,34.05197816703003,34.0523082499858,0.00036874995566904545,35.44422512501478,35.44540487497579,35.5003656669287,35.5003656669287,35.5003656669287,35.5003656669287,35.5003656669287,35.5003656669287,35.5003656669287,36.486751541960984,"[-0.36, -0.36, -0.36, -0.36, -0.36, -0.36, -0.36, -0.36, -0.36, -0.36, -0.36, -0.36, -0.36, -0.36, -0.36, -0.36, -0.36, -0.36, -0.36, -0.36, -0.36, -0.36, -0.36, -0.36, -0.36, -0.36, -0.36, -0.36, -0.36, -0.36, -0.36, -0.36, -0.36, -0.36, -0.36, -0.36, -0.36, -0.36, -0.36, -0.36, -0.36, -0.36, -0.36, -0.36, -0.36, -0.36, -0.36, -0.36, -0.36, -0.36, -0.36, -0.36, -0.36, -0.36, -0.36, -0.36, -0.36, -0.36, -0.36, -0.36, -0.36, -0.36, -0.36, -0.36, -0.36, -0.36, -0.36, -0.36, -0.36, -0.36, -0.36, -0.36, -0.36, -0.36, -0.36, -0.36, -0.36, -0.36, -0.36, -0.36, -0.36, -0.36, -0.36, -0.36, -0.36, -0.36, -0.356, -0.352, -0.348, -0.344, -0.34, -0.336, -0.332, -0.328, -0.324, -0.32, -0.316, -0.312, -0.308, -0.304, -0.304, -0.304, -0.304, -0.304, -0.304, -0.304, -0.304, -0.304, -0.304, -0.304, -0.304, -0.304, -0.304, -0.304, -0.304, -0.304, -0.304, -0.304, -0.304, -0.304]",None,None,['right'],[0.7034092500107363],[0.11926504108123481],up,0.9766357080079615,None,36.487142125028186,36.49228366697207,36.74047087493818,36.73555358394515,36.73563720902894,36.74047087493818,36.74047087493818,37.73982979194261,37.73982979194261,37.73563787492458,rew,0,-1,,,,,,,,,,,,,,,hard,D,2025-04-04_14h42.25.606,asymmetry_final,2024.2.4,120,2025-04-04 14h42.35.438288 -0400,
6,6,0,1,1,baseline,38,3.9,0.38,4.0,0.144,flat,curv_flat,0.0,0.38,rew,pen,input_data/stims/Shape_3.90_4.00.png,input_data/stims/Shape_0.00_0.00.png,input_data/stims/Shape_4.00_0.00.png,up,0.5623652080539614,None,None,None,['left'],[0.5997914159670472],[0.07966887496877462],up,0.9400377079145983,None,0,0,0,0,0,6,6,38,37.73982979194261,,,,,,,,,37.736419084016234,0.0007490419084206223,38.77839729201514,38.77844941697549,38.811505916994065,39.804807583917864,39.80151929194108,39.801743792020716,0.00024533295072615147,41.19365812500473,41.194830458960496,41.24727929197252,41.24727929197252,41.24727929197252,41.24727929197252,41.24727929197252,41.24727929197252,41.24727929197252,42.192829750012606,"[0.144, 0.144, 0.144, 0.144, 0.144, 0.144, 0.144, 0.144, 0.144, 0.144, 0.144, 0.144, 0.144, 0.144, 0.144, 0.144, 0.144, 0.144, 0.144, 0.144, 0.144, 0.144, 0.144, 0.144, 0.144, 0.144, 0.144, 0.144, 0.144, 0.144, 0.144, 0.144, 0.144, 0.144, 0.144, 0.144, 0.144, 0.144, 0.144, 0.144, 0.144, 0.144, 0.144, 0.144, 0.144, 0.144, 0.144, 0.144, 0.144, 0.144, 0.144, 0.144, 0.144, 0.144, 0.144, 0.144, 0.144, 0.144, 0.144, 0.144, 0.144, 0.144, 0.144, 0.144, 0.144, 0.144, 0.144, 0.144, 0.144, 0.144, 0.144, 0.144, 0.14, 0.136, 0.132, 0.128, 0.124, 0.12, 0.116, 0.112, 0.108, 0.108, 0.108, 0.108, 0.108, 0.108, 0.108, 0.108, 0.108, 0.108, 0.108, 0.108, 0.108, 0.108, 0.108, 0.108, 0.108, 0.108, 0.108, 0.108, 0.108, 0.108, 0.108, 0.108, 0.108, 0.108, 0.108, 0.108, 0.108, 0.108, 0.108, 0.108, 0.108]",None,None,['left'],[0.5997914159670472],[0.07966887496877462],up,0.9400377079145983,None,42.19322287500836,42.201324917026795,42.45163320901338,42.43967941694427,42.43977516691666,42.45163320901338,,43.45174904202577,,43.44030841696076,pen,1,1,,,,,,,,,,42.45163320901338,43.45174904202577,,,,hard,D,2025-04-04_14h42.25.606,asymmetry_final,2024.2.4,120,2025-04-04 14h42.35.438288 -0400,
7,7,0,1,1,baseline,25,2.5,0.1,4.0,-0.38,flat,flat_curv,0.0,-0.1,rew,pen,input_data/stims/Shape_2.50_4.00.png,input_data/stims/Shape_4.00_0.00.png,input_data/stims/Shape_0.00_0.00.png,up,0.5623652080539614,None,None,None,['right'],[0.4544181659584865],[0.9034409170271829],up,1.511775083024986,None,0,0,0,0,0,7,7,25,43.45174904202577,,,,,,,,,43.44102287502028,0.0006992920534685254,44.53292095893994,44.532961583929136,44.56461645895615,45.55718479200732,45.552582416916266,45.55291229195427,0.0002898330567404628,47.04488391696941,47.046077999984846,47.10392412496731,47.10392412496731,47.10392412496731,47.10392412496731,47.10392412496731,47.10392412496731,47.10392412496731,48.620024791918695,"[-0.38, -0.38, -0.38, -0.38, -0.38, -0.38, -0.38, -0.38, -0.38, -0.38, -0.38, -0.38, -0.38, -0.38, -0.38, -0.38, -0.38, -0.38, -0.38, -0.38, -0.38, -0.38, -0.38, -0.38, -0.38, -0.38, -0.38, -0.38, -0.38, -0.38, -0.38, -0.38, -0.38, -0.38, -0.38, -0.38, -0.38, -0.38, -0.38, -0.38, -0.38, -0.38, -0.38, -0.38, -0.38, -0.38, -0.38, -0.38, -0.38, -0.38, -0.38, -0.38, -0.38, -0.38, -0.38, -0.376, -0.372, -0.368, -0.364, -0.36, -0.356, -0.352, -0.348, -0.344, -0.34, -0.336, -0.332, -0.328, -0.324, -0.32, -0.316, -0.312, -0.308, -0.304, -0.3, -0.296, -0.292, -0.288, -0.284, -0.28, -0.276, -0.272, -0.268, -0.264, -0.26, -0.256, -0.252, -0.248, -0.244, -0.24, -0.236, -0.232, -0.228, -0.224, -0.22, -0.216, -0.212, -0.208, -0.204, -0.2, -0.196, -0.192, -0.188, -0.184, -0.18, -0.176, -0.172, -0.168, -0.164, -0.16, -0.156, -0.152, -0.148, -0.144, -0.14, -0.136, -0.132, -0.128, -0.124, -0.12, -0.116, -0.112, -0.108, -0.104, -0.1, -0.096, -0.092, -0.088, -0.084, -0.08, -0.076, -0.072, -0.068, -0.064, -0.06, -0.056, -0.052, -0.048, -0.044, -0.04, -0.036, -0.032, -0.028, -0.024, -0.02, -0.016, -0.012, -0.008, -0.004, 0.0, 0.004, 0.008, 0.012, 0.016, 0.02, 0.024, 0.028, 0.032, 0.036, 0.04, 0.044, 0.048, 0.052, 0.052, 0.052, 0.052, 0.052, 0.052, 0.052, 0.052, 0.052, 0.052, 0.052, 0.052, 0.052, 0.052, 0.052, 0.052, 0.052, 0.052, 0.052, 0.052]",None,None,['right'],[0.4544181659584865],[0.9034409170271829],up,1.511775083024986,None,48.620487625012174,48.62508112494834,48.875066709006205,48.869090833934024,48.86924899998121,48.875066709006205,,49.87291862501297,,49.8689014170086,pen,0,-3,,,,,,,,48.875066709006205,49.87291862501297,,,,,,hard,D,2025-04-04_14h42.25.606,asymmetry_final,2024.2.4,120,2025-04-04 14h42.35.438288 -0400,
8,8,0,1,1,baseline,3,0.3,-0.34,0.0,0.056,curv,flat_curv,0.0,0.34,pen,rew,input_data/stims/Shape_0.30_0.00.png,input_data/stims/Shape_4.00_0.00.png,input_data/stims/Shape_0.00_0.00.png,up,0.5623652080539614,None,None,None,['right'],[0.564286999986507],[0.13143491698428988],up,0.876753207994625,None,0,0,0,0,0,8,8,3,49.87291862501297,,,,,,,,,49.86964774993248,0.0007183330599218607,50.81157024996355,50.811610167031176,50.840467499918304,51.83980629197322,51.83581645891536,51.836065999930725,0.00025816704146564007,53.277971292031,53.27915612491779,53.33708916697651,53.33708916697651,53.33708916697651,53.33708916697651,53.33708916697651,53.33708916697651,53.33708916697651,54.2195417919429,"[0.056, 0.056, 0.056, 0.056, 0.056, 0.056, 0.056, 0.056, 0.056, 0.056, 0.056, 0.056, 0.056, 0.056, 0.056, 0.056, 0.056, 0.056, 0.056, 0.056, 0.056, 0.056, 0.056, 0.056, 0.056, 0.056, 0.056, 0.056, 0.056, 0.056, 0.056, 0.056, 0.056, 0.056, 0.056, 0.056, 0.056, 0.056, 0.056, 0.056, 0.056, 0.056, 0.056, 0.056, 0.056, 0.056, 0.056, 0.056, 0.056, 0.056, 0.056, 0.056, 0.056, 0.056, 0.056, 0.056, 0.056, 0.056, 0.056, 0.056, 0.056, 0.056, 0.056, 0.056, 0.056, 0.056, 0.056, 0.056, 0.06, 0.064, 0.068, 0.072, 0.076, 0.08, 0.084, 0.088, 0.092, 0.096, 0.1, 0.104, 0.108, 0.108, 0.108, 0.108, 0.108, 0.108, 0.108, 0.108, 0.108, 0.108, 0.108, 0.108, 0.108, 0.108, 0.108, 0.108, 0.108, 0.108, 0.108, 0.108, 0.108, 0.108, 0.108, 0.108]",None,None,['right'],[0.564286999986507],[0.13143491698428988],up,0.876753207994625,None,54.21980874997098,54.22409774991684,54.473199459025636,54.468594749923795,54.468659749953076,54.473199459025636,,55.48510270891711,,55.47339654201642,rew,1,3,,,,,,,,,,,,54.473199459025636,55.48510270891711,,hard,D,2025-04-04_14h42.25.606,asymmetry_final,2024.2.4,120,2025-04-04 14h42.35.438288 -0400,
9,9,0,1,1,baseline,35,3.5,0.3,4.0,0.064,flat,flat_curv,0.0,-0.3,rew,pen,input_data/stims/Shape_3.50_4.00.png,input_data/stims/Shape_4.00_0.00.png,input_data/stims/Shape_0.00_0.00.png,up,0.5623652080539614,None,None,None,['left'],[0.5742552489973605],[0.28808312502224],up,1.0801304579945281,None,0,0,0,0,0,9,9,35,55.48510270891711,,,,,,,,,55.47412533394527,0.0007142500253394246,56.465987416915596,56.46602724993136,56.49352416698821,57.489882834022865,57.48560166696552,57.485921249957755,0.0003345418954268098,58.92791679198854,58.929100499954075,58.98287616693415,58.98287616693415,58.98287616693415,58.98287616693415,58.98287616693415,58.98287616693415,58.98287616693415,60.0702232089825,"[0.064, 0.064, 0.064, 0.064, 0.064, 0.064, 0.064, 0.064, 0.064, 0.064, 0.064, 0.064, 0.064, 0.064, 0.064, 0.064, 0.064, 0.064, 0.064, 0.064, 0.064, 0.064, 0.064, 0.064, 0.064, 0.064, 0.064, 0.064, 0.064, 0.064, 0.064, 0.064, 0.064, 0.064, 0.064, 0.064, 0.064, 0.064, 0.064, 0.064, 0.064, 0.064, 0.064, 0.064, 0.064, 0.064, 0.064, 0.064, 0.064, 0.064, 0.064, 0.064, 0.064, 0.064, 0.064, 0.064, 0.064, 0.064, 0.064, 0.064, 0.064, 0.064, 0.064, 0.064, 0.064, 0.064, 0.064, 0.064, 0.064, 0.064, 0.06, 0.056, 0.052, 0.048, 0.044, 0.04, 0.036, 0.032, 0.028, 0.024, 0.02, 0.016, 0.012, 0.008, 0.004, 0.0, -0.004, -0.008, -0.012, -0.016, -0.02, -0.024, -0.028, -0.032, -0.036, -0.04, -0.044, -0.048, -0.052, -0.056, -0.06, -0.064, -0.064, -0.064, -0.064, -0.064, -0.064, -0.064, -0.064, -0.064, -0.064, -0.064, -0.064, -0.064, -0.064, -0.064, -0.064, -0.064, -0.064, -0.064, -0.064, -0.064, -0.064, -0.064, -0.064, -0.064, -0.064]",None,None,['left'],[0.5742552489973605],[0.28808312502224],up,1.0801304579945281,None,60.07065579202026,60.075888167019,60.32462512492202,60.31905737495981,60.319213458918966,60.32462512492202,,61.32209666701965,,61.318687916966155,pen,1,1,,,,,,,,,,60.32462512492202,61.32209666701965,,,,hard,D,2025-04-04_14h42.25.606,asymmetry_final,2024.2.4,120,2025-04-04 14h42.35.438288 -0400,
10,10,0,1,1,baseline,34,3.5,0.3,4.0,0.032,flat,curv_flat,0.0,0.3,rew,pen,input_data/stims/Shape_3.50_4.00.png,input_data/stims/Shape_0.00_0.00.png,input_data/stims/Shape_4.00_0.00.png,,,,,,,,,,,,,,,,0,10,10,34,61.32209666701965,,,,,,,,,61.319382249959745,0.0006792499916628003,62.36131499998737,62.36135458399076,62.39007154200226,63.38928629201837,63.385272583924234,63.385589250014164,0.00033366598654538393,64.87755350000225,64.87937170895748,64.95267470902763,64.95267470902763,64.95267470902763,64.95267470902763,64.95267470902763,64.95267470902763,64.95267470902763,,,,,,,,,,,,,,,,,,,,,,,,,,,,,,,,,,,,,,,,,,,,,
